channel_number,channel_name,tag_ids,tag_names,namespaces,scene_count,max_parent_pair_capture,quality_score,stable_key
449,1M1F + Vaginal sex + Casual,7876|7975|8062,CAST: 1M1F|ACT: Vaginal sex|WARD: Casual,CAST|ACT|WARD,832,0.75,63,jw:v1:tagtriple:7876:7975:8062
450,1M1F + Cheating + Gonzo,7876|8020|8083,CAST: 1M1F|THEME: Cheating|PROD: Gonzo,CAST|THEME|PROD,842,0.77,58,jw:v1:tagtriple:7876:8020:8083
451,1M1F + Roleplay + Dom/Sub,7876|8026|8067,CAST: 1M1F|THEME: Roleplay|KINK: Dom/Sub,CAST|THEME|KINK,575,0.548,64,jw:v1:tagtriple:7876:8026:8067
452,Vaginal sex + Big dick + Spanking/impact,7975|8016|8066,ACT: Vaginal sex|BODY: Big dick|KINK: Spanking/impact,ACT|BODY|KINK,903,0.663,63,jw:v1:tagtriple:7975:8016:8066
453,Anal sex + Shaved + Humiliation,7976|8002|8068,ACT: Anal sex|BODY: Shaved|KINK: Humiliation,ACT|BODY|KINK,825,0.775,57,jw:v1:tagtriple:7976:8002:8068
455,Anal sex + Roleplay + Bondage,7976|8026|8065,ACT: Anal sex|THEME: Roleplay|KINK: Bondage,ACT|THEME|KINK,800,0.797,60,jw:v1:tagtriple:7976:8026:8065
456,Blowjob + Roleplay + Narrative,7977|8026|8085,ACT: Blowjob|THEME: Roleplay|PROD: Narrative,ACT|THEME|PROD,694,0.644,65,jw:v1:tagtriple:7977:8026:8085
457,Cunnilingus + Big breasts + Cheating,7978|8003|8020,ACT: Cunnilingus|BODY: Big breasts|THEME: Cheating,ACT|BODY|THEME,656,0.786,58,jw:v1:tagtriple:7978:8003:8020
458,Cunnilingus + Big dick + Cheating,7978|8016|8020,ACT: Cunnilingus|BODY: Big dick|THEME: Cheating,ACT|BODY|THEME,759,0.774,58,jw:v1:tagtriple:7978:8016:8020
459,Cunnilingus + Bedroom + Gonzo,7978|8037|8083,ACT: Cunnilingus|SET: Bedroom|PROD: Gonzo,ACT|SET|PROD,616,0.738,61,jw:v1:tagtriple:7978:8037:8083
460,Fingering + Big dick + Spanking/impact,7981|8016|8066,ACT: Fingering|BODY: Big dick|KINK: Spanking/impact,ACT|BODY|KINK,874,0.537,66,jw:v1:tagtriple:7981:8016:8066
462,Cumshot - face + Shaved + Lingerie,7986|8002|8051,ACT: Cumshot - face|BODY: Shaved|WARD: Lingerie,ACT|BODY|WARD,773,0.549,54,jw:v1:tagtriple:7986:8002:8051
463,Cumshot - face + Big breasts + Heels,7986|8003|8052,ACT: Cumshot - face|BODY: Big breasts|WARD: Heels,ACT|BODY|WARD,716,0.602,61,jw:v1:tagtriple:7986:8003:8052
464,Cumshot - face + Dress + Gonzo,7986|8056|8083,ACT: Cumshot - face|WARD: Dress|PROD: Gonzo,ACT|WARD|PROD,737,0.766,60,jw:v1:tagtriple:7986:8056:8083
465,Cumshot - mouth + Casual + Gonzo,7987|8062|8083,ACT: Cumshot - mouth|WARD: Casual|PROD: Gonzo,ACT|WARD|PROD,720,0.677,66,jw:v1:tagtriple:7987:8062:8083
