channel_number,channel_name,channel_family,proposal_block,exact_scene_count,library_share_pct,include_tag_logic,include_tag_ids_all,include_tags_all,exclude_tag_logic,exclude_tag_ids_any,exclude_tags_any,include_performer_logic,include_performer_ids_all,include_performers_all,exclude_performer_logic,exclude_performer_ids_any,exclude_performers_any,include_studio_logic,include_studio_ids_any,include_studios_any,exclude_studio_logic,exclude_studio_ids_any,exclude_studios_any,scene_date_from,scene_date_to,filter_expression,survey_evidence,rationale
100,Real Couples,theme,Themes,3867,18.484,ALL,4721,THEME: Married IRL,ANY,9320,JAV,,,,,,,,,,,,,,,"ALL_TAGS(""THEME: Married IRL"") AND NONE_TAGS(""JAV"")",3.8k scenes of real-life married couples — the library's signature curation,Themes proposal from the 2026-09-28 library survey; 3867 scenes (live-validated against production)
101,Cheating & Affairs,theme,Themes,1449,6.926,ALL,8020,THEME: Cheating,ANY,9320,JAV,,,,,,,,,,,,,,,"ALL_TAGS(""THEME: Cheating"") AND NONE_TAGS(""JAV"")",1.4k affair scenes; +584 also carry the MILF age band,Themes proposal from the 2026-09-28 library survey; 1449 scenes (live-validated against production)
102,Roleplay Theater,theme,Themes,2419,11.563,ALL,8026,THEME: Roleplay,ANY,9320,JAV,,,,,,,,,,,,,,,"ALL_TAGS(""THEME: Roleplay"") AND NONE_TAGS(""JAV"")",,Themes proposal from the 2026-09-28 library survey; 2419 scenes (live-validated against production)
103,Step-Family Secrets,theme,Themes,707,3.379,ALL,8022,THEME: Step-family,ANY,9320,JAV,,,,,,,,,,,,,,,"ALL_TAGS(""THEME: Step-family"") AND NONE_TAGS(""JAV"")",,Themes proposal from the 2026-09-28 library survey; 707 scenes (live-validated against production)
104,Forbidden Taboo,theme,Themes,413,1.974,ALL,8023,THEME: Taboo,ANY,9320,JAV,,,,,,,,,,,,,,,"ALL_TAGS(""THEME: Taboo"") AND NONE_TAGS(""JAV"")",,Themes proposal from the 2026-09-28 library survey; 413 scenes (live-validated against production)
105,Romance & Desire,theme,Themes,635,3.035,ALL,8027,THEME: Romance,ANY,9320,JAV,,,,,,,,,,,,,,,"ALL_TAGS(""THEME: Romance"") AND NONE_TAGS(""JAV"")",,Themes proposal from the 2026-09-28 library survey; 635 scenes (live-validated against production)
106,Voyeur Vision,theme,Themes,620,2.964,ALL,8024,THEME: Voyeurism,ANY,9320,JAV,,,,,,,,,,,,,,,"ALL_TAGS(""THEME: Voyeurism"") AND NONE_TAGS(""JAV"")",,Themes proposal from the 2026-09-28 library survey; 620 scenes (live-validated against production)
107,First Timers,theme,Themes,478,2.285,ALL,8029,THEME: First time,ANY,9320,JAV,,,,,,,,,,,,,,,"ALL_TAGS(""THEME: First time"") AND NONE_TAGS(""JAV"")",,Themes proposal from the 2026-09-28 library survey; 478 scenes (live-validated against production)
108,Wife Sharing,theme,Themes,233,1.114,ALL,8030,THEME: Wife sharing,ANY,9320,JAV,,,,,,,,,,,,,,,"ALL_TAGS(""THEME: Wife sharing"") AND NONE_TAGS(""JAV"")",,Themes proposal from the 2026-09-28 library survey; 233 scenes (live-validated against production)
109,Cuckold Life,theme,Themes,363,1.735,ALL,8021,THEME: Cuckolding,ANY,9320,JAV,,,,,,,,,,,,,,,"ALL_TAGS(""THEME: Cuckolding"") AND NONE_TAGS(""JAV"")",363 core + 203 interracial-cuckold crossover,Themes proposal from the 2026-09-28 library survey; 363 scenes (live-validated against production)
110,Swingers Social,theme,Themes,131,0.626,ALL,8035,THEME: Swingers,ANY,9320,JAV,,,,,,,,,,,,,,,"ALL_TAGS(""THEME: Swingers"") AND NONE_TAGS(""JAV"")",,Themes proposal from the 2026-09-28 library survey; 131 scenes (live-validated against production)
111,Massage Parlor,theme,Themes,368,1.759,ALL,8028,THEME: Massage,ANY,9320,JAV,,,,,,,,,,,,,,,"ALL_TAGS(""THEME: Massage"") AND NONE_TAGS(""JAV"")",,Themes proposal from the 2026-09-28 library survey; 368 scenes (live-validated against production)
112,Exhibition Nation,theme,Themes,368,1.759,ALL,8025,THEME: Exhibitionism,ANY,9320,JAV,,,,,,,,,,,,,,,"ALL_TAGS(""THEME: Exhibitionism"") AND NONE_TAGS(""JAV"")",,Themes proposal from the 2026-09-28 library survey; 368 scenes (live-validated against production)
113,Orgy Nights,theme,Themes,353,1.687,ALL,10214,THEME: Orgy,ANY,9320,JAV,,,,,,,,,,,,,,,"ALL_TAGS(""THEME: Orgy"") AND NONE_TAGS(""JAV"")",,Themes proposal from the 2026-09-28 library survey; 353 scenes (live-validated against production)
114,Gangbang Club,theme,Themes,121,0.578,ALL,8036,THEME: Gangbang,ANY,9320,JAV,,,,,,,,,,,,,,,"ALL_TAGS(""THEME: Gangbang"") AND NONE_TAGS(""JAV"")",,Themes proposal from the 2026-09-28 library survey; 121 scenes (live-validated against production)
115,Reluctant Hearts,theme,Themes,160,0.765,ALL,8034,THEME: Reluctance,ANY,9320,JAV,,,,,,,,,,,,,,,"ALL_TAGS(""THEME: Reluctance"") AND NONE_TAGS(""JAV"")",,Themes proposal from the 2026-09-28 library survey; 160 scenes (live-validated against production)
116,Holiday Specials,theme,Themes,234,1.118,ALL,8032,THEME: Holiday/seasonal,ANY,9320,JAV,,,,,,,,,,,,,,,"ALL_TAGS(""THEME: Holiday/seasonal"") AND NONE_TAGS(""JAV"")",,Themes proposal from the 2026-09-28 library survey; 234 scenes (live-validated against production)
120,Impact Play,kink,Kink,4114,19.664,ALL,8066,KINK: Spanking/impact,ANY,9320,JAV,,,,,,,,,,,,,,,"ALL_TAGS(""KINK: Spanking/impact"") AND NONE_TAGS(""JAV"")",,Kink proposal from the 2026-09-28 library survey; 4114 scenes (live-validated against production)
121,Dom & Sub,kink,Kink,2508,11.988,ALL,8067,KINK: Dom/Sub,ANY,9320,JAV,,,,,,,,,,,,,,,"ALL_TAGS(""KINK: Dom/Sub"") AND NONE_TAGS(""JAV"")",,Kink proposal from the 2026-09-28 library survey; 2508 scenes (live-validated against production)
122,Total Humiliation,kink,Kink,2297,10.979,ALL,8068,KINK: Humiliation,ANY,9320,JAV,,,,,,,,,,,,,,,"ALL_TAGS(""KINK: Humiliation"") AND NONE_TAGS(""JAV"")",,Kink proposal from the 2026-09-28 library survey; 2297 scenes (live-validated against production)
123,Rope & Bondage,kink,Kink,2132,10.191,ALL,8065,KINK: Bondage,ANY,9320,JAV,,,,,,,,,,,,,,,"ALL_TAGS(""KINK: Bondage"") AND NONE_TAGS(""JAV"")",,Kink proposal from the 2026-09-28 library survey; 2132 scenes (live-validated against production)
124,Bound & Drilled,kink,Kink,1081,5.167,ALL,8065|7976,KINK: Bondage|ACT: Anal sex,ANY,9320,JAV,,,,,,,,,,,,,,,"ALL_TAGS(""KINK: Bondage"") AND ALL_TAGS(""ACT: Anal sex"") AND NONE_TAGS(""JAV"")",Bondage that goes all the way — 1.1k hardcore subset,Kink proposal from the 2026-09-28 library survey; 1081 scenes (live-validated against production)
125,Pegging Palace,kink,Kink,657,3.140,ALL,8075,KINK: Pegging,ANY,9320,JAV,,,,,,,,,,,,,,,"ALL_TAGS(""KINK: Pegging"") AND NONE_TAGS(""JAV"")",657 pegging scenes; 571 also Dom/Sub (femdom core),Kink proposal from the 2026-09-28 library survey; 657 scenes (live-validated against production)
126,Chastity & Denial,kink,Kink,601,2.873,ALL,8074,KINK: Chastity/orgasm control,ANY,9320,JAV,,,,,,,,,,,,,,,"ALL_TAGS(""KINK: Chastity/orgasm control"") AND NONE_TAGS(""JAV"")",,Kink proposal from the 2026-09-28 library survey; 601 scenes (live-validated against production)
127,Gagged & Restrained,kink,Kink,626,2.992,ALL,8070,KINK: Gags/restraints,ANY,9320,JAV,,,,,,,,,,,,,,,"ALL_TAGS(""KINK: Gags/restraints"") AND NONE_TAGS(""JAV"")",,Kink proposal from the 2026-09-28 library survey; 626 scenes (live-validated against production)
128,Breath Play,kink,Kink,550,2.629,ALL,8069,KINK: Choking/breath,ANY,9320,JAV,,,,,,,,,,,,,,,"ALL_TAGS(""KINK: Choking/breath"") AND NONE_TAGS(""JAV"")",,Kink proposal from the 2026-09-28 library survey; 550 scenes (live-validated against production)
129,CBT Clinic,kink,Kink,507,2.423,ALL,8076,KINK: CBT,ANY,9320,JAV,,,,,,,,,,,,,,,"ALL_TAGS(""KINK: CBT"") AND NONE_TAGS(""JAV"")",,Kink proposal from the 2026-09-28 library survey; 507 scenes (live-validated against production)
130,Sensory Deprivation,kink,Kink,372,1.778,ALL,8080,KINK: Sensory deprivation,ANY,9320,JAV,,,,,,,,,,,,,,,"ALL_TAGS(""KINK: Sensory deprivation"") AND NONE_TAGS(""JAV"")",,Kink proposal from the 2026-09-28 library survey; 372 scenes (live-validated against production)
131,Nipple Torment,kink,Kink,277,1.324,ALL,8071,KINK: Nipple torment,ANY,9320,JAV,,,,,,,,,,,,,,,"ALL_TAGS(""KINK: Nipple torment"") AND NONE_TAGS(""JAV"")",,Kink proposal from the 2026-09-28 library survey; 277 scenes (live-validated against production)
132,Rough Trade,kink,Kink,264,1.262,ALL,9581,KINK: Rough sex,ANY,9320,JAV,,,,,,,,,,,,,,,"ALL_TAGS(""KINK: Rough sex"") AND NONE_TAGS(""JAV"")",,Kink proposal from the 2026-09-28 library survey; 264 scenes (live-validated against production)
133,Electro Sluts,kink,Kink,200,0.956,ALL,8072,KINK: Electro play,ANY,9320,JAV,,,,,,,,,,,,,,,"ALL_TAGS(""KINK: Electro play"") AND NONE_TAGS(""JAV"")",,Kink proposal from the 2026-09-28 library survey; 200 scenes (live-validated against production)
134,Foot Fetish Feet,kink,Kink,1380,6.596,ALL,8073,KINK: Foot fetish,ANY,9320,JAV,,,,,,,,,,,,,,,"ALL_TAGS(""KINK: Foot fetish"") AND NONE_TAGS(""JAV"")",,Kink proposal from the 2026-09-28 library survey; 1380 scenes (live-validated against production)
135,Latex & Leather,kink,Kink,575,2.748,ALL,8059,WARD: Latex/leather,ANY,9320,JAV,,,,,,,,,,,,,,,"ALL_TAGS(""WARD: Latex/leather"") AND NONE_TAGS(""JAV"")",,Kink proposal from the 2026-09-28 library survey; 575 scenes (live-validated against production)
136,The Dungeon,kink,Kink,140,0.669,ALL,8047,SET: Dungeon,ANY,9320,JAV,,,,,,,,,,,,,,,"ALL_TAGS(""SET: Dungeon"") AND NONE_TAGS(""JAV"")",,Kink proposal from the 2026-09-28 library survey; 140 scenes (live-validated against production)
137,Watersports,kink,Kink,96,0.459,ALL,8078,KINK: Watersports,ANY,9320,JAV,,,,,,,,,,,,,,,"ALL_TAGS(""KINK: Watersports"") AND NONE_TAGS(""JAV"")",,Kink proposal from the 2026-09-28 library survey; 96 scenes (live-validated against production)
140,Girl-Girl,cast,Cast,974,4.656,ALL,7849,CAST: 2F,ANY,9320,JAV,,,,,,,,,,,,,,,"ALL_TAGS(""CAST: 2F"") AND NONE_TAGS(""JAV"")",Every 2F scene in the library has no male performer — the true lesbian pool,Cast proposal from the 2026-09-28 library survey; 974 scenes (live-validated against production)
141,Teen Lesbians,cast,Cast,445,2.127,ALL,7849|7660,CAST: 2F|AGE: 18-22 (F),ANY,9320,JAV,,,,,,,,,,,,,,,"ALL_TAGS(""CAST: 2F"") AND ALL_TAGS(""AGE: 18-22 (F)"") AND NONE_TAGS(""JAV"")",,Cast proposal from the 2026-09-28 library survey; 445 scenes (live-validated against production)
142,Lesbian MILFs,cast,Cast,298,1.424,ALL,7849|7674,CAST: 2F|AGE: 30-39 (F),ANY,9320,JAV,,,,,,,,,,,,,,,"ALL_TAGS(""CAST: 2F"") AND ALL_TAGS(""AGE: 30-39 (F)"") AND NONE_TAGS(""JAV"")",,Cast proposal from the 2026-09-28 library survey; 298 scenes (live-validated against production)
143,Busty Lesbians,cast,Cast,214,1.023,ALL,7849|8003,CAST: 2F|BODY: Big breasts,ANY,9320,JAV,,,,,,,,,,,,,,,"ALL_TAGS(""CAST: 2F"") AND ALL_TAGS(""BODY: Big breasts"") AND NONE_TAGS(""JAV"")",,Cast proposal from the 2026-09-28 library survey; 214 scenes (live-validated against production)
144,Lez Be Bound,cast,Cast,104,0.497,ALL,7849|8065,CAST: 2F|KINK: Bondage,ANY,9320,JAV,,,,,,,,,,,,,,,"ALL_TAGS(""CAST: 2F"") AND ALL_TAGS(""KINK: Bondage"") AND NONE_TAGS(""JAV"")",,Cast proposal from the 2026-09-28 library survey; 104 scenes (live-validated against production)
145,Solo Sessions,cast,Cast,2116,10.114,ALL,7828,CAST: 1F,ANY,9320,JAV,,,,,,,,,,,,,,,"ALL_TAGS(""CAST: 1F"") AND NONE_TAGS(""JAV"")",,Cast proposal from the 2026-09-28 library survey; 2116 scenes (live-validated against production)
146,Teen Solo,cast,Cast,647,3.093,ALL,7828|7660,CAST: 1F|AGE: 18-22 (F),ANY,9320,JAV,,,,,,,,,,,,,,,"ALL_TAGS(""CAST: 1F"") AND ALL_TAGS(""AGE: 18-22 (F)"") AND NONE_TAGS(""JAV"")",,Cast proposal from the 2026-09-28 library survey; 647 scenes (live-validated against production)
147,Solo Toy Box,cast,Cast,241,1.152,ALL,7828|7991,CAST: 1F|ACT: Sex toys,ANY,9320,JAV,,,,,,,,,,,,,,,"ALL_TAGS(""CAST: 1F"") AND ALL_TAGS(""ACT: Sex toys"") AND NONE_TAGS(""JAV"")",,Cast proposal from the 2026-09-28 library survey; 241 scenes (live-validated against production)
148,Threesome: FFM,cast,Cast,1957,9.354,ALL,7882,CAST: 1M2F,ANY,9320,JAV,,,,,,,,,,,,,,,"ALL_TAGS(""CAST: 1M2F"") AND NONE_TAGS(""JAV"")",,Cast proposal from the 2026-09-28 library survey; 1957 scenes (live-validated against production)
149,Teen FFM,cast,Cast,864,4.130,ALL,7882|7660,CAST: 1M2F|AGE: 18-22 (F),ANY,9320,JAV,,,,,,,,,,,,,,,"ALL_TAGS(""CAST: 1M2F"") AND ALL_TAGS(""AGE: 18-22 (F)"") AND NONE_TAGS(""JAV"")",,Cast proposal from the 2026-09-28 library survey; 864 scenes (live-validated against production)
150,Threesome: MMF,cast,Cast,787,3.762,ALL,7889,CAST: 2M1F,ANY,9320,JAV,,,,,,,,,,,,,,,"ALL_TAGS(""CAST: 2M1F"") AND NONE_TAGS(""JAV"")",,Cast proposal from the 2026-09-28 library survey; 787 scenes (live-validated against production)
151,Interracial MMF,cast,Cast,415,1.984,ALL,7889|4055,CAST: 2M1F|DEMO: Interracial,ANY,9320,JAV,,,,,,,,,,,,,,,"ALL_TAGS(""CAST: 2M1F"") AND ALL_TAGS(""DEMO: Interracial"") AND NONE_TAGS(""JAV"")",,Cast proposal from the 2026-09-28 library survey; 415 scenes (live-validated against production)
152,Group Sex,cast,Cast,1293,6.180,ALL,6188,CAST: Group,ANY,9320,JAV,,,,,,,,,,,,,,,"ALL_TAGS(""CAST: Group"") AND NONE_TAGS(""JAV"")",,Cast proposal from the 2026-09-28 library survey; 1293 scenes (live-validated against production)
153,Interracial Orgies,cast,Cast,812,3.881,ALL,6188|4055,CAST: Group|DEMO: Interracial,ANY,9320,JAV,,,,,,,,,,,,,,,"ALL_TAGS(""CAST: Group"") AND ALL_TAGS(""DEMO: Interracial"") AND NONE_TAGS(""JAV"")",,Cast proposal from the 2026-09-28 library survey; 812 scenes (live-validated against production)
155,Fresh Faces 18-22,age,Age,6228,29.769,ALL,7660,AGE: 18-22 (F),ANY,9320,JAV,,,,,,,,,,,,,,,"ALL_TAGS(""AGE: 18-22 (F)"") AND NONE_TAGS(""JAV"")",6.2k scenes with an 18-22 woman present,Age proposal from the 2026-09-28 library survey; 6228 scenes (live-validated against production)
156,MILF Manor,age,Age,4796,22.924,ALL,7674,AGE: 30-39 (F),ANY,9320,JAV,,,,,,,,,,,,,,,"ALL_TAGS(""AGE: 30-39 (F)"") AND NONE_TAGS(""JAV"")",,Age proposal from the 2026-09-28 library survey; 4796 scenes (live-validated against production)
157,Mature 40s,age,Age,996,4.761,ALL,7681,AGE: 40-49 (F),ANY,9320,JAV,,,,,,,,,,,,,,,"ALL_TAGS(""AGE: 40-49 (F)"") AND NONE_TAGS(""JAV"")",,Age proposal from the 2026-09-28 library survey; 996 scenes (live-validated against production)
158,Fabulous 50s,age,Age,126,0.602,ALL,7688,AGE: 50-59 (F),ANY,9320,JAV,,,,,,,,,,,,,,,"ALL_TAGS(""AGE: 50-59 (F)"") AND NONE_TAGS(""JAV"")",,Age proposal from the 2026-09-28 library survey; 126 scenes (live-validated against production)
159,Silver Foxes,age,Age,820,3.920,ALL,7687,AGE: 50-59 (M),ANY,9320,JAV,,,,,,,,,,,,,,,"ALL_TAGS(""AGE: 50-59 (M)"") AND NONE_TAGS(""JAV"")",,Age proposal from the 2026-09-28 library survey; 820 scenes (live-validated against production)
160,Age Gap: Teen & 40s Man,age_gap,Age,1083,5.177,ALL,7660|7680,AGE: 18-22 (F)|AGE: 40-49 (M),ANY,9320,JAV,,,,,,,,,,,,,,,"ALL_TAGS(""AGE: 18-22 (F)"") AND ALL_TAGS(""AGE: 40-49 (M)"") AND NONE_TAGS(""JAV"")","Real-age audit: 4,644 scenes have the man >=15y older; this band pair is the sharpest cut",Age proposal from the 2026-09-28 library survey; 1083 scenes (live-validated against production)
161,Age Gap: Teen & 50s Man,age_gap,Age,165,0.789,ALL,7660|7687,AGE: 18-22 (F)|AGE: 50-59 (M),ANY,9320,JAV,,,,,,,,,,,,,,,"ALL_TAGS(""AGE: 18-22 (F)"") AND ALL_TAGS(""AGE: 50-59 (M)"") AND NONE_TAGS(""JAV"")",,Age proposal from the 2026-09-28 library survey; 165 scenes (live-validated against production)
162,Age Gap: 20s & 40s Man,age_gap,Age,1938,9.263,ALL,7667|7680,AGE: 23-29 (F)|AGE: 40-49 (M),ANY,9320,JAV,,,,,,,,,,,,,,,"ALL_TAGS(""AGE: 23-29 (F)"") AND ALL_TAGS(""AGE: 40-49 (M)"") AND NONE_TAGS(""JAV"")",,Age proposal from the 2026-09-28 library survey; 1938 scenes (live-validated against production)
163,Age Gap: 20s & 50s Man,age_gap,Age,351,1.678,ALL,7667|7687,AGE: 23-29 (F)|AGE: 50-59 (M),ANY,9320,JAV,,,,,,,,,,,,,,,"ALL_TAGS(""AGE: 23-29 (F)"") AND ALL_TAGS(""AGE: 50-59 (M)"") AND NONE_TAGS(""JAV"")",,Age proposal from the 2026-09-28 library survey; 351 scenes (live-validated against production)
164,MILF Loves Younger Men,age_gap,Age,208,0.994,ALL,7681|7666,AGE: 40-49 (F)|AGE: 23-29 (M),ANY,9320,JAV,,,,,,,,,,,,,,,"ALL_TAGS(""AGE: 40-49 (F)"") AND ALL_TAGS(""AGE: 23-29 (M)"") AND NONE_TAGS(""JAV"")",Reverse-gap family; real-age audit found 499 older-woman scenes,Age proposal from the 2026-09-28 library survey; 208 scenes (live-validated against production)
165,Cougar Prep: 30s & Teen Men,age_gap,Age,85,0.406,ALL,7674|7659,AGE: 30-39 (F)|AGE: 18-22 (M),ANY,9320,JAV,,,,,,,,,,,,,,,"ALL_TAGS(""AGE: 30-39 (F)"") AND ALL_TAGS(""AGE: 18-22 (M)"") AND NONE_TAGS(""JAV"")",,Age proposal from the 2026-09-28 library survey; 85 scenes (live-validated against production)
170,Interracial Nation,ethnicity,Ethnicity,7065,33.770,ALL,4055,DEMO: Interracial,ANY,9320,JAV,,,,,,,,,,,,,,,"ALL_TAGS(""DEMO: Interracial"") AND NONE_TAGS(""JAV"")",7k scenes (34% of library) — the library's defining cross-section,Ethnicity proposal from the 2026-09-28 library survey; 7065 scenes (live-validated against production)
171,Interracial Teens,ethnicity,Ethnicity,2028,9.694,ALL,4055|7660,DEMO: Interracial|AGE: 18-22 (F),ANY,9320,JAV,,,,,,,,,,,,,,,"ALL_TAGS(""DEMO: Interracial"") AND ALL_TAGS(""AGE: 18-22 (F)"") AND NONE_TAGS(""JAV"")",,Ethnicity proposal from the 2026-09-28 library survey; 2028 scenes (live-validated against production)
172,Interracial MILFs,ethnicity,Ethnicity,2049,9.794,ALL,4055|7674,DEMO: Interracial|AGE: 30-39 (F),ANY,9320,JAV,,,,,,,,,,,,,,,"ALL_TAGS(""DEMO: Interracial"") AND ALL_TAGS(""AGE: 30-39 (F)"") AND NONE_TAGS(""JAV"")",,Ethnicity proposal from the 2026-09-28 library survey; 2049 scenes (live-validated against production)
173,Interracial & Busty,ethnicity,Ethnicity,2233,10.673,ALL,4055|8003,DEMO: Interracial|BODY: Big breasts,ANY,9320,JAV,,,,,,,,,,,,,,,"ALL_TAGS(""DEMO: Interracial"") AND ALL_TAGS(""BODY: Big breasts"") AND NONE_TAGS(""JAV"")",,Ethnicity proposal from the 2026-09-28 library survey; 2233 scenes (live-validated against production)
174,Latinas,ethnicity,Ethnicity,2701,12.910,ALL,7911,DEMO: Latin Female,ANY,9320,JAV,,,,,,,,,,,,,,,"ALL_TAGS(""DEMO: Latin Female"") AND NONE_TAGS(""JAV"")",,Ethnicity proposal from the 2026-09-28 library survey; 2701 scenes (live-validated against production)
175,Latina MILFs,ethnicity,Ethnicity,700,3.346,ALL,7911|7674,DEMO: Latin Female|AGE: 30-39 (F),ANY,9320,JAV,,,,,,,,,,,,,,,"ALL_TAGS(""DEMO: Latin Female"") AND ALL_TAGS(""AGE: 30-39 (F)"") AND NONE_TAGS(""JAV"")",,Ethnicity proposal from the 2026-09-28 library survey; 700 scenes (live-validated against production)
176,Asian Beauties,ethnicity,Ethnicity,717,3.427,ALL,7904,DEMO: Asian Female,ANY,9320,JAV,,,,,,,,,,,,,,,"ALL_TAGS(""DEMO: Asian Female"") AND NONE_TAGS(""JAV"")",Non-JAV Asian performers (JAV lives in its own block),Ethnicity proposal from the 2026-09-28 library survey; 717 scenes (live-validated against production)
177,Asian Teens,ethnicity,Ethnicity,281,1.343,ALL,7904|7660,DEMO: Asian Female|AGE: 18-22 (F),ANY,9320,JAV,,,,,,,,,,,,,,,"ALL_TAGS(""DEMO: Asian Female"") AND ALL_TAGS(""AGE: 18-22 (F)"") AND NONE_TAGS(""JAV"")",,Ethnicity proposal from the 2026-09-28 library survey; 281 scenes (live-validated against production)
178,Black Beauties,ethnicity,Ethnicity,617,2.949,ALL,7898,DEMO: Black Female,ANY,9320,JAV,,,,,,,,,,,,,,,"ALL_TAGS(""DEMO: Black Female"") AND NONE_TAGS(""JAV"")",,Ethnicity proposal from the 2026-09-28 library survey; 617 scenes (live-validated against production)
179,Black Teens,ethnicity,Ethnicity,214,1.023,ALL,7898|7660,DEMO: Black Female|AGE: 18-22 (F),ANY,9320,JAV,,,,,,,,,,,,,,,"ALL_TAGS(""DEMO: Black Female"") AND ALL_TAGS(""AGE: 18-22 (F)"") AND NONE_TAGS(""JAV"")",,Ethnicity proposal from the 2026-09-28 library survey; 214 scenes (live-validated against production)
180,Mixed-Race Beauties,ethnicity,Ethnicity,748,3.575,ALL,7939,DEMO: Mixed Female,ANY,9320,JAV,,,,,,,,,,,,,,,"ALL_TAGS(""DEMO: Mixed Female"") AND NONE_TAGS(""JAV"")",,Ethnicity proposal from the 2026-09-28 library survey; 748 scenes (live-validated against production)
181,Indian & Middle Eastern,ethnicity,Ethnicity,103,0.492,,,,ANY,9320,JAV,ANY,830|1043|1764|2957|3081|3326|3327|3329|3335|4076|4486|5777|6926|8268|8633|9521,Evelin Stone|Yasmina Khan|Jasmine Sherni|Priya Rai|Sahara Knite|Reina Rae|Aaliyah Yasin|Aurora Oliveira|Mistress Sophia Sahara|Luna Lovely|Aria Valencia|Indra|Delilah Dagger|Aubry Babcock|Edible Aubrey|Daphne Rosen,,,,,,,,,,,,"NONE_TAGS(""JAV"") AND ANY_PERFORMERS(""Evelin Stone"") AND ANY_PERFORMERS(""Yasmina Khan"") AND ANY_PERFORMERS(""Jasmine Sherni"") AND ANY_PERFORMERS(""Priya Rai"") AND ANY_PERFORMERS(""Sahara Knite"") AND ANY_PERFORMERS(""Reina Rae"") AND ANY_PERFORMERS(""Aaliyah Yasin"") AND ANY_PERFORMERS(""Aurora Oliveira"") AND ANY_PERFORMERS(""Mistress Sophia Sahara"") AND ANY_PERFORMERS(""Luna Lovely"") AND ANY_PERFORMERS(""Aria Valencia"") AND ANY_PERFORMERS(""Indra"") AND ANY_PERFORMERS(""Delilah Dagger"") AND ANY_PERFORMERS(""Aubry Babcock"") AND ANY_PERFORMERS(""Edible Aubrey"") AND ANY_PERFORMERS(""Daphne Rosen"")",Tags too thin (67/53 scenes); performer ANY-list is the honest cut,Ethnicity proposal from the 2026-09-28 library survey; 103 scenes (live-validated against production)
185,Big & Bouncy,body,Body,5336,25.505,ALL,8003,BODY: Big breasts,ANY,9320,JAV,,,,,,,,,,,,,,,"ALL_TAGS(""BODY: Big breasts"") AND NONE_TAGS(""JAV"")",,Body proposal from the 2026-09-28 library survey; 5336 scenes (live-validated against production)
186,Busty Teens,body,Body,1169,5.588,ALL,8003|7660,BODY: Big breasts|AGE: 18-22 (F),ANY,9320,JAV,,,,,,,,,,,,,,,"ALL_TAGS(""BODY: Big breasts"") AND ALL_TAGS(""AGE: 18-22 (F)"") AND NONE_TAGS(""JAV"")",,Body proposal from the 2026-09-28 library survey; 1169 scenes (live-validated against production)
187,Busty MILFs,body,Body,2012,9.617,ALL,8003|7674,BODY: Big breasts|AGE: 30-39 (F),ANY,9320,JAV,,,,,,,,,,,,,,,"ALL_TAGS(""BODY: Big breasts"") AND ALL_TAGS(""AGE: 30-39 (F)"") AND NONE_TAGS(""JAV"")",,Body proposal from the 2026-09-28 library survey; 2012 scenes (live-validated against production)
188,Natural & Young,body,Body,2658,12.705,ALL,8007|7660,BODY: Natural breasts|AGE: 18-22 (F),ANY,9320,JAV,,,,,,,,,,,,,,,"ALL_TAGS(""BODY: Natural breasts"") AND ALL_TAGS(""AGE: 18-22 (F)"") AND NONE_TAGS(""JAV"")",,Body proposal from the 2026-09-28 library survey; 2658 scenes (live-validated against production)
189,Itty Bitty,body,Body,3041,14.536,ALL,8004,BODY: Small breasts,ANY,9320,JAV,,,,,,,,,,,,,,,"ALL_TAGS(""BODY: Small breasts"") AND NONE_TAGS(""JAV"")",,Body proposal from the 2026-09-28 library survey; 3041 scenes (live-validated against production)
190,Petite cuties,body,Body,2047,9.784,ALL,8013,BODY: Petite,ANY,9320,JAV,,,,,,,,,,,,,,,"ALL_TAGS(""BODY: Petite"") AND NONE_TAGS(""JAV"")",,Body proposal from the 2026-09-28 library survey; 2047 scenes (live-validated against production)
191,Petite Teens,body,Body,836,3.996,ALL,8013|7660,BODY: Petite|AGE: 18-22 (F),ANY,9320,JAV,,,,,,,,,,,,,,,"ALL_TAGS(""BODY: Petite"") AND ALL_TAGS(""AGE: 18-22 (F)"") AND NONE_TAGS(""JAV"")",,Body proposal from the 2026-09-28 library survey; 836 scenes (live-validated against production)
192,Curvy Worlds,body,Body,1227,5.865,ALL,7998,BODY: Curvy,ANY,9320,JAV,,,,,,,,,,,,,,,"ALL_TAGS(""BODY: Curvy"") AND NONE_TAGS(""JAV"")",,Body proposal from the 2026-09-28 library survey; 1227 scenes (live-validated against production)
193,Athletic Figures,body,Body,2869,13.713,ALL,8000,BODY: Athletic,ANY,9320,JAV,,,,,,,,,,,,,,,"ALL_TAGS(""BODY: Athletic"") AND NONE_TAGS(""JAV"")",,Body proposal from the 2026-09-28 library survey; 2869 scenes (live-validated against production)
194,Alt & Tattooed,body,Body,6145,29.372,ALL,5074|5063,BODY: Tattooed|BODY: Pierced,ANY,9320,JAV,,,,,,,,,,,,,,,"ALL_TAGS(""BODY: Tattooed"") AND ALL_TAGS(""BODY: Pierced"") AND NONE_TAGS(""JAV"")",6.1k both-tagged alt scenes (tattooed alone is 53% of the library),Body proposal from the 2026-09-28 library survey; 6145 scenes (live-validated against production)
195,Hairy & Natural,body,Body,1988,9.502,ALL,8001,BODY: Hairy,ANY,9320,JAV,,,,,,,,,,,,,,,"ALL_TAGS(""BODY: Hairy"") AND NONE_TAGS(""JAV"")",,Body proposal from the 2026-09-28 library survey; 1988 scenes (live-validated against production)
196,Hairy Teens,body,Body,518,2.476,ALL,8001|7660,BODY: Hairy|AGE: 18-22 (F),ANY,9320,JAV,,,,,,,,,,,,,,,"ALL_TAGS(""BODY: Hairy"") AND ALL_TAGS(""AGE: 18-22 (F)"") AND NONE_TAGS(""JAV"")",,Body proposal from the 2026-09-28 library survey; 518 scenes (live-validated against production)
197,Big Booty,body,Body,3321,15.874,ALL,7995,BODY: Big ass,ANY,9320,JAV,,,,,,,,,,,,,,,"ALL_TAGS(""BODY: Big ass"") AND NONE_TAGS(""JAV"")",,Body proposal from the 2026-09-28 library survey; 3321 scenes (live-validated against production)
198,Oiled & Shiny,body,Body,1041,4.976,ALL,8669,BODY: Oiled,ANY,9320,JAV,,,,,,,,,,,,,,,"ALL_TAGS(""BODY: Oiled"") AND NONE_TAGS(""JAV"")",,Body proposal from the 2026-09-28 library survey; 1041 scenes (live-validated against production)
199,Tiny Dancers,body,Body,288,1.377,ALL,7702,BODY: Height <150cm (F),ANY,9320,JAV,,,,,,,,,,,,,,,"ALL_TAGS(""BODY: Height <150cm (F)"") AND NONE_TAGS(""JAV"")",288 scenes under 150cm,Body proposal from the 2026-09-28 library survey; 288 scenes (live-validated against production)
200,Nerdy Glasses,body,Body,443,2.117,ALL,8060,WARD: Glasses,ANY,9320,JAV,,,,,,,,,,,,,,,"ALL_TAGS(""WARD: Glasses"") AND NONE_TAGS(""JAV"")",,Body proposal from the 2026-09-28 library survey; 443 scenes (live-validated against production)
201,Tan Lines,body,Body,249,1.190,ALL,8012,BODY: Tan lines,ANY,9320,JAV,,,,,,,,,,,,,,,"ALL_TAGS(""BODY: Tan lines"") AND NONE_TAGS(""JAV"")",,Body proposal from the 2026-09-28 library survey; 249 scenes (live-validated against production)
202,Freckled,body,Body,75,0.358,ALL,8011,BODY: Freckles,ANY,9320,JAV,,,,,,,,,,,,,,,"ALL_TAGS(""BODY: Freckles"") AND NONE_TAGS(""JAV"")",,Body proposal from the 2026-09-28 library survey; 75 scenes (live-validated against production)
203,BBW,body,Body,63,0.301,ALL,8010,BODY: BBW,ANY,9320,JAV,,,,,,,,,,,,,,,"ALL_TAGS(""BODY: BBW"") AND NONE_TAGS(""JAV"")",,Body proposal from the 2026-09-28 library survey; 63 scenes (live-validated against production)
205,Lingerie Lounge,wardrobe,Look,2661,12.719,ALL,8051,WARD: Lingerie,ANY,9320,JAV,,,,,,,,,,,,,,,"ALL_TAGS(""WARD: Lingerie"") AND NONE_TAGS(""JAV"")",,Look proposal from the 2026-09-28 library survey; 2661 scenes (live-validated against production)
206,Stockings & Garters,wardrobe,Look,1630,7.791,ALL,8053,WARD: Stockings,ANY,9320,JAV,,,,,,,,,,,,,,,"ALL_TAGS(""WARD: Stockings"") AND NONE_TAGS(""JAV"")",,Look proposal from the 2026-09-28 library survey; 1630 scenes (live-validated against production)
207,High Heels,wardrobe,Look,2114,10.105,ALL,8052,WARD: Heels,ANY,9320,JAV,,,,,,,,,,,,,,,"ALL_TAGS(""WARD: Heels"") AND NONE_TAGS(""JAV"")",,Look proposal from the 2026-09-28 library survey; 2114 scenes (live-validated against production)
208,Pantyhose,wardrobe,Look,126,0.602,ALL,8054,WARD: Pantyhose,ANY,9320,JAV,,,,,,,,,,,,,,,"ALL_TAGS(""WARD: Pantyhose"") AND NONE_TAGS(""JAV"")",,Look proposal from the 2026-09-28 library survey; 126 scenes (live-validated against production)
209,Bikini Days,wardrobe,Look,400,1.912,ALL,8057,WARD: Bikini,ANY,9320,JAV,,,,,,,,,,,,,,,"ALL_TAGS(""WARD: Bikini"") AND NONE_TAGS(""JAV"")",,Look proposal from the 2026-09-28 library survey; 400 scenes (live-validated against production)
210,Uniform Girls,wardrobe,Look,378,1.807,ALL,8058,WARD: Uniform,ANY,9320,JAV,,,,,,,,,,,,,,,"ALL_TAGS(""WARD: Uniform"") AND NONE_TAGS(""JAV"")",,Look proposal from the 2026-09-28 library survey; 378 scenes (live-validated against production)
211,Office Attire,wardrobe,Look,325,1.553,ALL,8063,WARD: Business,ANY,9320,JAV,,,,,,,,,,,,,,,"ALL_TAGS(""WARD: Business"") AND NONE_TAGS(""JAV"")",,Look proposal from the 2026-09-28 library survey; 325 scenes (live-validated against production)
212,Great Outdoors,setting,Look,1222,5.841,ALL,8040,SET: Outdoor,ANY,9320,JAV,,,,,,,,,,,,,,,"ALL_TAGS(""SET: Outdoor"") AND NONE_TAGS(""JAV"")",,Look proposal from the 2026-09-28 library survey; 1222 scenes (live-validated against production)
213,Poolside,setting,Look,274,1.310,ALL,8048,SET: Pool/water,ANY,9320,JAV,,,,,,,,,,,,,,,"ALL_TAGS(""SET: Pool/water"") AND NONE_TAGS(""JAV"")",,Look proposal from the 2026-09-28 library survey; 274 scenes (live-validated against production)
214,Backseat Action,setting,Look,230,1.099,ALL,8043,SET: Car,ANY,9320,JAV,,,,,,,,,,,,,,,"ALL_TAGS(""SET: Car"") AND NONE_TAGS(""JAV"")",,Look proposal from the 2026-09-28 library survey; 230 scenes (live-validated against production)
215,After Hours Office,setting,Look,177,0.846,ALL,8041,SET: Office,ANY,9320,JAV,,,,,,,,,,,,,,,"ALL_TAGS(""SET: Office"") AND NONE_TAGS(""JAV"")",,Look proposal from the 2026-09-28 library survey; 177 scenes (live-validated against production)
216,Hotel Nights,setting,Look,198,0.946,ALL,8042,SET: Hotel,ANY,9320,JAV,,,,,,,,,,,,,,,"ALL_TAGS(""SET: Hotel"") AND NONE_TAGS(""JAV"")",,Look proposal from the 2026-09-28 library survey; 198 scenes (live-validated against production)
218,Story Time,production,Production,1769,8.456,ALL,8085,PROD: Narrative,ANY,9320,JAV,,,,,,,,,,,,,,,"ALL_TAGS(""PROD: Narrative"") AND NONE_TAGS(""JAV"")",,Production proposal from the 2026-09-28 library survey; 1769 scenes (live-validated against production)
219,Amateur Hour,production,Production,1368,6.539,ALL,8086,PROD: Amateur,ANY,9320,JAV,,,,,,,,,,,,,,,"ALL_TAGS(""PROD: Amateur"") AND NONE_TAGS(""JAV"")",,Production proposal from the 2026-09-28 library survey; 1368 scenes (live-validated against production)
220,POV Central,production,Production,1125,5.377,ALL,8084,PROD: POV,ANY,9320,JAV,,,,,,,,,,,,,,,"ALL_TAGS(""PROD: POV"") AND NONE_TAGS(""JAV"")",,Production proposal from the 2026-09-28 library survey; 1125 scenes (live-validated against production)
221,Glamour Shots,production,Production,776,3.709,ALL,8088,PROD: Glamour,ANY,9320,JAV,,,,,,,,,,,,,,,"ALL_TAGS(""PROD: Glamour"") AND NONE_TAGS(""JAV"")",,Production proposal from the 2026-09-28 library survey; 776 scenes (live-validated against production)
222,Reality Check,production,Production,403,1.926,ALL,8089,PROD: Reality,ANY,9320,JAV,,,,,,,,,,,,,,,"ALL_TAGS(""PROD: Reality"") AND NONE_TAGS(""JAV"")",,Production proposal from the 2026-09-28 library survey; 403 scenes (live-validated against production)
223,Interactive,production,Production,272,1.300,ALL,10220,PROD: Interactive,ANY,9320,JAV,,,,,,,,,,,,,,,"ALL_TAGS(""PROD: Interactive"") AND NONE_TAGS(""JAV"")",,Production proposal from the 2026-09-28 library survey; 272 scenes (live-validated against production)
224,Behind the Scenes,production,Production,230,1.099,ALL,10219,PROD: Behind the scenes,ANY,9320,JAV,,,,,,,,,,,,,,,"ALL_TAGS(""PROD: Behind the scenes"") AND NONE_TAGS(""JAV"")",,Production proposal from the 2026-09-28 library survey; 230 scenes (live-validated against production)
225,The Interview,production,Production,211,1.009,ALL,10221,PROD: Interview,ANY,9320,JAV,,,,,,,,,,,,,,,"ALL_TAGS(""PROD: Interview"") AND NONE_TAGS(""JAV"")",,Production proposal from the 2026-09-28 library survey; 211 scenes (live-validated against production)
226,Retro Vault,production,Production,734,3.508,,,,ANY,9320,JAV,,,,,,,,,,,,,1990-01-01,2009-12-31,"NONE_TAGS(""JAV"")",734 pre-2010 scenes; importer's scene_date_to column,Production proposal from the 2026-09-28 library survey; 734 scenes (live-validated against production)
230,Mick Blue TV,performer_spotlight,Performers,575,2.748,,,,ANY,9320,JAV,ANY,157,Mick Blue,,,,,,,,,,,,"NONE_TAGS(""JAV"") AND ANY_PERFORMERS(""Mick Blue"")",,Performers proposal from the 2026-09-28 library survey; 575 scenes (live-validated against production)
231,Shane Diesel TV,performer_spotlight,Performers,410,1.960,,,,ANY,9320,JAV,ANY,239,Shane Diesel,,,,,,,,,,,,"NONE_TAGS(""JAV"") AND ANY_PERFORMERS(""Shane Diesel"")",,Performers proposal from the 2026-09-28 library survey; 410 scenes (live-validated against production)
232,Keiran Lee TV,performer_spotlight,Performers,371,1.773,,,,ANY,9320,JAV,ANY,60,Keiran Lee,,,,,,,,,,,,"NONE_TAGS(""JAV"") AND ANY_PERFORMERS(""Keiran Lee"")",,Performers proposal from the 2026-09-28 library survey; 371 scenes (live-validated against production)
233,Manuel Ferrara TV,performer_spotlight,Performers,366,1.749,,,,ANY,9320,JAV,ANY,155,Manuel Ferrara,,,,,,,,,,,,"NONE_TAGS(""JAV"") AND ANY_PERFORMERS(""Manuel Ferrara"")",,Performers proposal from the 2026-09-28 library survey; 366 scenes (live-validated against production)
234,Xander Corvus TV,performer_spotlight,Performers,355,1.697,,,,ANY,9320,JAV,ANY,176,Xander Corvus,,,,,,,,,,,,"NONE_TAGS(""JAV"") AND ANY_PERFORMERS(""Xander Corvus"")",,Performers proposal from the 2026-09-28 library survey; 355 scenes (live-validated against production)
235,Bobby Beefcake TV,performer_spotlight,Performers,326,1.558,,,,ANY,9320,JAV,ANY,408,Bobby Beefcake,,,,,,,,,,,,"NONE_TAGS(""JAV"") AND ANY_PERFORMERS(""Bobby Beefcake"")",,Performers proposal from the 2026-09-28 library survey; 326 scenes (live-validated against production)
236,Danny Mountain TV,performer_spotlight,Performers,290,1.386,,,,ANY,9320,JAV,ANY,150,Danny Mountain,,,,,,,,,,,,"NONE_TAGS(""JAV"") AND ANY_PERFORMERS(""Danny Mountain"")",,Performers proposal from the 2026-09-28 library survey; 290 scenes (live-validated against production)
237,Johnny Castle TV,performer_spotlight,Performers,274,1.310,,,,ANY,9320,JAV,ANY,119,Johnny Castle,,,,,,,,,,,,"NONE_TAGS(""JAV"") AND ANY_PERFORMERS(""Johnny Castle"")",,Performers proposal from the 2026-09-28 library survey; 274 scenes (live-validated against production)
238,Tyler Nixon TV,performer_spotlight,Performers,267,1.276,,,,ANY,9320,JAV,ANY,154,Tyler Nixon,,,,,,,,,,,,"NONE_TAGS(""JAV"") AND ANY_PERFORMERS(""Tyler Nixon"")",,Performers proposal from the 2026-09-28 library survey; 267 scenes (live-validated against production)
239,Ramon Nomar TV,performer_spotlight,Performers,252,1.205,,,,ANY,9320,JAV,ANY,214,Ramon Nomar,,,,,,,,,,,,"NONE_TAGS(""JAV"") AND ANY_PERFORMERS(""Ramon Nomar"")",,Performers proposal from the 2026-09-28 library survey; 252 scenes (live-validated against production)
240,Ryan Madison TV,performer_spotlight,Performers,243,1.162,,,,ANY,9320,JAV,ANY,11,Ryan Madison,,,,,,,,,,,,"NONE_TAGS(""JAV"") AND ANY_PERFORMERS(""Ryan Madison"")",,Performers proposal from the 2026-09-28 library survey; 243 scenes (live-validated against production)
241,Johnny Sins TV,performer_spotlight,Performers,234,1.118,,,,ANY,9320,JAV,ANY,139,Johnny Sins,,,,,,,,,,,,"NONE_TAGS(""JAV"") AND ANY_PERFORMERS(""Johnny Sins"")",,Performers proposal from the 2026-09-28 library survey; 234 scenes (live-validated against production)
242,Christian Clay TV,performer_spotlight,Performers,220,1.052,,,,ANY,9320,JAV,ANY,470,Christian Clay,,,,,,,,,,,,"NONE_TAGS(""JAV"") AND ANY_PERFORMERS(""Christian Clay"")",,Performers proposal from the 2026-09-28 library survey; 220 scenes (live-validated against production)
243,James Deen TV,performer_spotlight,Performers,219,1.047,,,,ANY,9320,JAV,ANY,373,James Deen,,,,,,,,,,,,"NONE_TAGS(""JAV"") AND ANY_PERFORMERS(""James Deen"")",,Performers proposal from the 2026-09-28 library survey; 219 scenes (live-validated against production)
244,Seth Gamble TV,performer_spotlight,Performers,214,1.023,,,,ANY,9320,JAV,ANY,146,Seth Gamble,,,,,,,,,,,,"NONE_TAGS(""JAV"") AND ANY_PERFORMERS(""Seth Gamble"")",,Performers proposal from the 2026-09-28 library survey; 214 scenes (live-validated against production)
245,Alberto Blanco TV,performer_spotlight,Performers,211,1.009,,,,ANY,9320,JAV,ANY,4,Alberto Blanco,,,,,,,,,,,,"NONE_TAGS(""JAV"") AND ANY_PERFORMERS(""Alberto Blanco"")",,Performers proposal from the 2026-09-28 library survey; 211 scenes (live-validated against production)
246,Charles Dera TV,performer_spotlight,Performers,192,0.918,,,,ANY,9320,JAV,ANY,367,Charles Dera,,,,,,,,,,,,"NONE_TAGS(""JAV"") AND ANY_PERFORMERS(""Charles Dera"")",,Performers proposal from the 2026-09-28 library survey; 192 scenes (live-validated against production)
247,Markus Dupree TV,performer_spotlight,Performers,189,0.903,,,,ANY,9320,JAV,ANY,21,Markus Dupree,,,,,,,,,,,,"NONE_TAGS(""JAV"") AND ANY_PERFORMERS(""Markus Dupree"")",,Performers proposal from the 2026-09-28 library survey; 189 scenes (live-validated against production)
248,J Mac TV,performer_spotlight,Performers,184,0.879,,,,ANY,9320,JAV,ANY,317,J Mac,,,,,,,,,,,,"NONE_TAGS(""JAV"") AND ANY_PERFORMERS(""J Mac"")",,Performers proposal from the 2026-09-28 library survey; 184 scenes (live-validated against production)
249,Scott Nails TV,performer_spotlight,Performers,170,0.813,,,,ANY,9320,JAV,ANY,480,Scott Nails,,,,,,,,,,,,"NONE_TAGS(""JAV"") AND ANY_PERFORMERS(""Scott Nails"")",,Performers proposal from the 2026-09-28 library survey; 170 scenes (live-validated against production)
250,Steve Holmes TV,performer_spotlight,Performers,170,0.813,,,,ANY,9320,JAV,ANY,186,Steve Holmes,,,,,,,,,,,,"NONE_TAGS(""JAV"") AND ANY_PERFORMERS(""Steve Holmes"")",,Performers proposal from the 2026-09-28 library survey; 170 scenes (live-validated against production)
251,Isiah Maxwell TV,performer_spotlight,Performers,168,0.803,,,,ANY,9320,JAV,ANY,228,Isiah Maxwell,,,,,,,,,,,,"NONE_TAGS(""JAV"") AND ANY_PERFORMERS(""Isiah Maxwell"")",,Performers proposal from the 2026-09-28 library survey; 168 scenes (live-validated against production)
252,Anissa Kate TV,performer_spotlight,Performers,320,1.530,,,,ANY,9320,JAV,ANY,297,Anissa Kate,,,,,,,,,,,,"NONE_TAGS(""JAV"") AND ANY_PERFORMERS(""Anissa Kate"")",,Performers proposal from the 2026-09-28 library survey; 320 scenes (live-validated against production)
253,Riley Reid TV,performer_spotlight,Performers,273,1.305,,,,ANY,9320,JAV,ANY,156,Riley Reid,,,,,,,,,,,,"NONE_TAGS(""JAV"") AND ANY_PERFORMERS(""Riley Reid"")",,Performers proposal from the 2026-09-28 library survey; 273 scenes (live-validated against production)
254,Abella Danger TV,performer_spotlight,Performers,223,1.066,,,,ANY,9320,JAV,ANY,169,Abella Danger,,,,,,,,,,,,"NONE_TAGS(""JAV"") AND ANY_PERFORMERS(""Abella Danger"")",,Performers proposal from the 2026-09-28 library survey; 223 scenes (live-validated against production)
255,Chloe Temple TV,performer_spotlight,Performers,221,1.056,,,,ANY,9320,JAV,ANY,811,Chloe Temple,,,,,,,,,,,,"NONE_TAGS(""JAV"") AND ANY_PERFORMERS(""Chloe Temple"")",,Performers proposal from the 2026-09-28 library survey; 221 scenes (live-validated against production)
256,Kendra Lust TV,performer_spotlight,Performers,203,0.970,,,,ANY,9320,JAV,ANY,574,Kendra Lust,,,,,,,,,,,,"NONE_TAGS(""JAV"") AND ANY_PERFORMERS(""Kendra Lust"")",,Performers proposal from the 2026-09-28 library survey; 203 scenes (live-validated against production)
257,Nicole Aniston TV,performer_spotlight,Performers,202,0.966,,,,ANY,9320,JAV,ANY,68,Nicole Aniston,,,,,,,,,,,,"NONE_TAGS(""JAV"") AND ANY_PERFORMERS(""Nicole Aniston"")",,Performers proposal from the 2026-09-28 library survey; 202 scenes (live-validated against production)
258,Luna Star TV,performer_spotlight,Performers,194,0.927,,,,ANY,9320,JAV,ANY,521,Luna Star,,,,,,,,,,,,"NONE_TAGS(""JAV"") AND ANY_PERFORMERS(""Luna Star"")",,Performers proposal from the 2026-09-28 library survey; 194 scenes (live-validated against production)
259,Romi Rain TV,performer_spotlight,Performers,166,0.793,,,,ANY,9320,JAV,ANY,124,Romi Rain,,,,,,,,,,,,"NONE_TAGS(""JAV"") AND ANY_PERFORMERS(""Romi Rain"")",,Performers proposal from the 2026-09-28 library survey; 166 scenes (live-validated against production)
260,Marley Brinx TV,performer_spotlight,Performers,156,0.746,,,,ANY,9320,JAV,ANY,656,Marley Brinx,,,,,,,,,,,,"NONE_TAGS(""JAV"") AND ANY_PERFORMERS(""Marley Brinx"")",,Performers proposal from the 2026-09-28 library survey; 156 scenes (live-validated against production)
261,Brandi Love TV,performer_spotlight,Performers,153,0.731,,,,ANY,9320,JAV,ANY,255,Brandi Love,,,,,,,,,,,,"NONE_TAGS(""JAV"") AND ANY_PERFORMERS(""Brandi Love"")",,Performers proposal from the 2026-09-28 library survey; 153 scenes (live-validated against production)
262,Gabbie Carter TV,performer_spotlight,Performers,151,0.722,,,,ANY,9320,JAV,ANY,621,Gabbie Carter,,,,,,,,,,,,"NONE_TAGS(""JAV"") AND ANY_PERFORMERS(""Gabbie Carter"")",,Performers proposal from the 2026-09-28 library survey; 151 scenes (live-validated against production)
263,Cory Chase TV,performer_spotlight,Performers,149,0.712,,,,ANY,9320,JAV,ANY,12,Cory Chase,,,,,,,,,,,,"NONE_TAGS(""JAV"") AND ANY_PERFORMERS(""Cory Chase"")",,Performers proposal from the 2026-09-28 library survey; 149 scenes (live-validated against production)
264,Casey Calvert TV,performer_spotlight,Performers,145,0.693,,,,ANY,9320,JAV,ANY,256,Casey Calvert,,,,,,,,,,,,"NONE_TAGS(""JAV"") AND ANY_PERFORMERS(""Casey Calvert"")",,Performers proposal from the 2026-09-28 library survey; 145 scenes (live-validated against production)
265,Rissa May TV,performer_spotlight,Performers,144,0.688,,,,ANY,9320,JAV,ANY,3532,Rissa May,,,,,,,,,,,,"NONE_TAGS(""JAV"") AND ANY_PERFORMERS(""Rissa May"")",,Performers proposal from the 2026-09-28 library survey; 144 scenes (live-validated against production)
266,Alexis Texas TV,performer_spotlight,Performers,141,0.674,,,,ANY,9320,JAV,ANY,733,Alexis Texas,,,,,,,,,,,,"NONE_TAGS(""JAV"") AND ANY_PERFORMERS(""Alexis Texas"")",,Performers proposal from the 2026-09-28 library survey; 141 scenes (live-validated against production)
267,Jessie Rogers TV,performer_spotlight,Performers,138,0.660,,,,ANY,9320,JAV,ANY,848,Jessie Rogers,,,,,,,,,,,,"NONE_TAGS(""JAV"") AND ANY_PERFORMERS(""Jessie Rogers"")",,Performers proposal from the 2026-09-28 library survey; 138 scenes (live-validated against production)
268,Brooklyn Chase TV,performer_spotlight,Performers,133,0.636,,,,ANY,9320,JAV,ANY,81,Brooklyn Chase,,,,,,,,,,,,"NONE_TAGS(""JAV"") AND ANY_PERFORMERS(""Brooklyn Chase"")",,Performers proposal from the 2026-09-28 library survey; 133 scenes (live-validated against production)
269,Stacy Cruz TV,performer_spotlight,Performers,131,0.626,,,,ANY,9320,JAV,ANY,469,Stacy Cruz,,,,,,,,,,,,"NONE_TAGS(""JAV"") AND ANY_PERFORMERS(""Stacy Cruz"")",,Performers proposal from the 2026-09-28 library survey; 131 scenes (live-validated against production)
270,Dani Daniels TV,performer_spotlight,Performers,131,0.626,,,,ANY,9320,JAV,ANY,56,Dani Daniels,,,,,,,,,,,,"NONE_TAGS(""JAV"") AND ANY_PERFORMERS(""Dani Daniels"")",,Performers proposal from the 2026-09-28 library survey; 131 scenes (live-validated against production)
271,Krissy Lynn TV,performer_spotlight,Performers,128,0.612,,,,ANY,9320,JAV,ANY,510,Krissy Lynn,,,,,,,,,,,,"NONE_TAGS(""JAV"") AND ANY_PERFORMERS(""Krissy Lynn"")",,Performers proposal from the 2026-09-28 library survey; 128 scenes (live-validated against production)
272,Mia Malkova TV,performer_spotlight,Performers,124,0.593,,,,ANY,9320,JAV,ANY,116,Mia Malkova,,,,,,,,,,,,"NONE_TAGS(""JAV"") AND ANY_PERFORMERS(""Mia Malkova"")",,Performers proposal from the 2026-09-28 library survey; 124 scenes (live-validated against production)
273,Dillion Harper TV,performer_spotlight,Performers,123,0.588,,,,ANY,9320,JAV,ANY,566,Dillion Harper,,,,,,,,,,,,"NONE_TAGS(""JAV"") AND ANY_PERFORMERS(""Dillion Harper"")",,Performers proposal from the 2026-09-28 library survey; 123 scenes (live-validated against production)
274,Aria Alexander TV,performer_spotlight,Performers,119,0.569,,,,ANY,9320,JAV,ANY,889,Aria Alexander,,,,,,,,,,,,"NONE_TAGS(""JAV"") AND ANY_PERFORMERS(""Aria Alexander"")",,Performers proposal from the 2026-09-28 library survey; 119 scenes (live-validated against production)
275,Allie Haze TV,performer_spotlight,Performers,117,0.559,,,,ANY,9320,JAV,ANY,162,Allie Haze,,,,,,,,,,,,"NONE_TAGS(""JAV"") AND ANY_PERFORMERS(""Allie Haze"")",,Performers proposal from the 2026-09-28 library survey; 117 scenes (live-validated against production)
276,Penny Barber TV,performer_spotlight,Performers,114,0.545,,,,ANY,9320,JAV,ANY,996,Penny Barber,,,,,,,,,,,,"NONE_TAGS(""JAV"") AND ANY_PERFORMERS(""Penny Barber"")",,Performers proposal from the 2026-09-28 library survey; 114 scenes (live-validated against production)
277,Asa Akira TV,performer_spotlight,Performers,110,0.526,,,,ANY,9320,JAV,ANY,887,Asa Akira,,,,,,,,,,,,"NONE_TAGS(""JAV"") AND ANY_PERFORMERS(""Asa Akira"")",,Performers proposal from the 2026-09-28 library survey; 110 scenes (live-validated against production)
278,April Olsen TV,performer_spotlight,Performers,104,0.497,,,,ANY,9320,JAV,ANY,998,April Olsen,,,,,,,,,,,,"NONE_TAGS(""JAV"") AND ANY_PERFORMERS(""April Olsen"")",,Performers proposal from the 2026-09-28 library survey; 104 scenes (live-validated against production)
279,Rebel Lynn TV,performer_spotlight,Performers,99,0.473,,,,ANY,9320,JAV,ANY,803,Rebel Lynn,,,,,,,,,,,,"NONE_TAGS(""JAV"") AND ANY_PERFORMERS(""Rebel Lynn"")",,Performers proposal from the 2026-09-28 library survey; 99 scenes (live-validated against production)
280,Alexa Grace TV,performer_spotlight,Performers,94,0.449,,,,ANY,9320,JAV,ANY,1021,Alexa Grace,,,,,,,,,,,,"NONE_TAGS(""JAV"") AND ANY_PERFORMERS(""Alexa Grace"")",,Performers proposal from the 2026-09-28 library survey; 94 scenes (live-validated against production)
281,Bridgette B TV,performer_spotlight,Performers,93,0.445,,,,ANY,9320,JAV,ANY,474,Bridgette B,,,,,,,,,,,,"NONE_TAGS(""JAV"") AND ANY_PERFORMERS(""Bridgette B"")",,Performers proposal from the 2026-09-28 library survey; 93 scenes (live-validated against production)
282,Ariana Marie TV,performer_spotlight,Performers,93,0.445,,,,ANY,9320,JAV,ANY,67,Ariana Marie,,,,,,,,,,,,"NONE_TAGS(""JAV"") AND ANY_PERFORMERS(""Ariana Marie"")",,Performers proposal from the 2026-09-28 library survey; 93 scenes (live-validated against production)
283,Abigail Mac TV,performer_spotlight,Performers,92,0.440,,,,ANY,9320,JAV,ANY,47,Abigail Mac,,,,,,,,,,,,"NONE_TAGS(""JAV"") AND ANY_PERFORMERS(""Abigail Mac"")",,Performers proposal from the 2026-09-28 library survey; 92 scenes (live-validated against production)
284,Jennifer Mendez TV,performer_spotlight,Performers,91,0.435,,,,ANY,9320,JAV,ANY,3016,Jennifer Mendez,,,,,,,,,,,,"NONE_TAGS(""JAV"") AND ANY_PERFORMERS(""Jennifer Mendez"")",,Performers proposal from the 2026-09-28 library survey; 91 scenes (live-validated against production)
285,Valentina Nappi TV,performer_spotlight,Performers,91,0.435,,,,ANY,9320,JAV,ANY,481,Valentina Nappi,,,,,,,,,,,,"NONE_TAGS(""JAV"") AND ANY_PERFORMERS(""Valentina Nappi"")",,Performers proposal from the 2026-09-28 library survey; 91 scenes (live-validated against production)
286,Bonnie Rotten TV,performer_spotlight,Performers,91,0.435,,,,ANY,9320,JAV,ANY,401,Bonnie Rotten,,,,,,,,,,,,"NONE_TAGS(""JAV"") AND ANY_PERFORMERS(""Bonnie Rotten"")",,Performers proposal from the 2026-09-28 library survey; 91 scenes (live-validated against production)
287,Alex Coal TV,performer_spotlight,Performers,90,0.430,,,,ANY,9320,JAV,ANY,264,Alex Coal,,,,,,,,,,,,"NONE_TAGS(""JAV"") AND ANY_PERFORMERS(""Alex Coal"")",,Performers proposal from the 2026-09-28 library survey; 90 scenes (live-validated against production)
288,Kylie Rocket TV,performer_spotlight,Performers,80,0.382,,,,ANY,9320,JAV,ANY,1007,Kylie Rocket,,,,,,,,,,,,"NONE_TAGS(""JAV"") AND ANY_PERFORMERS(""Kylie Rocket"")",,Performers proposal from the 2026-09-28 library survey; 80 scenes (live-validated against production)
290,Tushy,studio_spotlight,Studios,589,2.815,,,,ANY,9320,JAV,,,,,,,ANY,3,Tushy,,,,,,"NONE_TAGS(""JAV"") AND ANY_STUDIOS(""Tushy"")",,Studios proposal from the 2026-09-28 library survey; 589 scenes (live-validated against production)
291,Vixen,studio_spotlight,Studios,534,2.552,,,,ANY,9320,JAV,,,,,,,ANY,460,Vixen,,,,,,"NONE_TAGS(""JAV"") AND ANY_STUDIOS(""Vixen"")",,Studios proposal from the 2026-09-28 library survey; 534 scenes (live-validated against production)
292,Deeper,studio_spotlight,Studios,439,2.098,,,,ANY,9320,JAV,,,,,,,ANY,683,Deeper,,,,,,"NONE_TAGS(""JAV"") AND ANY_STUDIOS(""Deeper"")",,Studios proposal from the 2026-09-28 library survey; 439 scenes (live-validated against production)
293,Jules Jordan,studio_spotlight,Studios,569,2.720,,,,ANY,9320,JAV,,,,,,,ANY,12,Jules Jordan,,,,,,"NONE_TAGS(""JAV"") AND ANY_STUDIOS(""Jules Jordan"")",,Studios proposal from the 2026-09-28 library survey; 569 scenes (live-validated against production)
294,Babes,studio_spotlight,Studios,532,2.543,,,,ANY,9320,JAV,,,,,,,ANY,44,Babes,,,,,,"NONE_TAGS(""JAV"") AND ANY_STUDIOS(""Babes"")",,Studios proposal from the 2026-09-28 library survey; 532 scenes (live-validated against production)
295,Passion HD,studio_spotlight,Studios,463,2.213,,,,ANY,9320,JAV,,,,,,,ANY,219,Passion HD,,,,,,"NONE_TAGS(""JAV"") AND ANY_STUDIOS(""Passion HD"")",,Studios proposal from the 2026-09-28 library survey; 463 scenes (live-validated against production)
296,Pure Taboo,studio_spotlight,Studios,350,1.673,,,,ANY,9320,JAV,,,,,,,ANY,452,Pure Taboo,,,,,,"NONE_TAGS(""JAV"") AND ANY_STUDIOS(""Pure Taboo"")",,Studios proposal from the 2026-09-28 library survey; 350 scenes (live-validated against production)
297,Casting Couch X,studio_spotlight,Studios,344,1.644,,,,ANY,9320,JAV,,,,,,,ANY,211,Casting Couch X,,,,,,"NONE_TAGS(""JAV"") AND ANY_STUDIOS(""Casting Couch X"")",,Studios proposal from the 2026-09-28 library survey; 344 scenes (live-validated against production)
298,The White Boxxx,studio_spotlight,Studios,313,1.496,,,,ANY,9320,JAV,,,,,,,ANY,1062,The White Boxxx,,,,,,"NONE_TAGS(""JAV"") AND ANY_STUDIOS(""The White Boxxx"")",,Studios proposal from the 2026-09-28 library survey; 313 scenes (live-validated against production)
299,Tushy Raw,studio_spotlight,Studios,305,1.458,,,,ANY,9320,JAV,,,,,,,ANY,591,Tushy Raw,,,,,,"NONE_TAGS(""JAV"") AND ANY_STUDIOS(""Tushy Raw"")",,Studios proposal from the 2026-09-28 library survey; 305 scenes (live-validated against production)
300,Elegant Angel,studio_spotlight,Studios,277,1.324,,,,ANY,9320,JAV,,,,,,,ANY,88,Elegant Angel,,,,,,"NONE_TAGS(""JAV"") AND ANY_STUDIOS(""Elegant Angel"")",,Studios proposal from the 2026-09-28 library survey; 277 scenes (live-validated against production)
301,Premium Bukkake,studio_spotlight,Studios,246,1.176,,,,ANY,9320,JAV,,,,,,,ANY,2539,Premium Bukkake,,,,,,"NONE_TAGS(""JAV"") AND ANY_STUDIOS(""Premium Bukkake"")",,Studios proposal from the 2026-09-28 library survey; 246 scenes (live-validated against production)
302,Private Society,studio_spotlight,Studios,199,0.951,,,,ANY,9320,JAV,,,,,,,ANY,1371,Private Society,,,,,,"NONE_TAGS(""JAV"") AND ANY_STUDIOS(""Private Society"")",,Studios proposal from the 2026-09-28 library survey; 199 scenes (live-validated against production)
303,HotwifeXXX,studio_spotlight,Studios,197,0.942,,,,ANY,9320,JAV,,,,,,,ANY,272,HotwifeXXX,,,,,,"NONE_TAGS(""JAV"") AND ANY_STUDIOS(""HotwifeXXX"")",,Studios proposal from the 2026-09-28 library survey; 197 scenes (live-validated against production)
304,Shane Diesel XXX,studio_spotlight,Studios,184,0.879,,,,ANY,9320,JAV,,,,,,,ANY,1129,Shane Diesel XXX,,,,,,"NONE_TAGS(""JAV"") AND ANY_STUDIOS(""Shane Diesel XXX"")",,Studios proposal from the 2026-09-28 library survey; 184 scenes (live-validated against production)
305,Hot Milfs Fuck,studio_spotlight,Studios,180,0.860,,,,ANY,9320,JAV,,,,,,,ANY,1366,Hot Milfs Fuck,,,,,,"NONE_TAGS(""JAV"") AND ANY_STUDIOS(""Hot Milfs Fuck"")",,Studios proposal from the 2026-09-28 library survey; 180 scenes (live-validated against production)
306,Mormon Girlz,studio_spotlight,Studios,166,0.793,,,,ANY,9320,JAV,,,,,,,ANY,959,Mormon Girlz,,,,,,"NONE_TAGS(""JAV"") AND ANY_STUDIOS(""Mormon Girlz"")",,Studios proposal from the 2026-09-28 library survey; 166 scenes (live-validated against production)
307,Penthouse Gold,studio_spotlight,Studios,162,0.774,,,,ANY,9320,JAV,,,,,,,ANY,40,Penthouse Gold,,,,,,"NONE_TAGS(""JAV"") AND ANY_STUDIOS(""Penthouse Gold"")",,Studios proposal from the 2026-09-28 library survey; 162 scenes (live-validated against production)
308,PornFidelity,studio_spotlight,Studios,150,0.717,,,,ANY,9320,JAV,,,,,,,ANY,374,PornFidelity,,,,,,"NONE_TAGS(""JAV"") AND ANY_STUDIOS(""PornFidelity"")",,Studios proposal from the 2026-09-28 library survey; 150 scenes (live-validated against production)
309,Deep Lush,studio_spotlight,Studios,148,0.707,,,,ANY,9320,JAV,,,,,,,ANY,467,Deep Lush,,,,,,"NONE_TAGS(""JAV"") AND ANY_STUDIOS(""Deep Lush"")",,Studios proposal from the 2026-09-28 library survey; 148 scenes (live-validated against production)
310,Dorcel Club,studio_spotlight,Studios,131,0.626,,,,ANY,9320,JAV,,,,,,,ANY,201,Dorcel Club,,,,,,"NONE_TAGS(""JAV"") AND ANY_STUDIOS(""Dorcel Club"")",,Studios proposal from the 2026-09-28 library survey; 131 scenes (live-validated against production)
311,Digital Playground,studio_spotlight,Studios,210,1.004,,,,ANY,9320,JAV,,,,,,,ANY,41,Digital Playground,,,,,,"NONE_TAGS(""JAV"") AND ANY_STUDIOS(""Digital Playground"")",,Studios proposal from the 2026-09-28 library survey; 210 scenes (live count; hierarchical studio criterion includes child studios)
312,Tonight's Girlfriend,studio_spotlight,Studios,123,0.588,,,,ANY,9320,JAV,,,,,,,ANY,136,Tonight's Girlfriend,,,,,,"NONE_TAGS(""JAV"") AND ANY_STUDIOS(""Tonight's Girlfriend"")",,Studios proposal from the 2026-09-28 library survey; 123 scenes (live-validated against production)
313,Real Wife Stories,studio_spotlight,Studios,756,3.614,,,,ANY,9320,JAV,,,,,,,ANY,60,Real Wife Stories,,,,,,"NONE_TAGS(""JAV"") AND ANY_STUDIOS(""Real Wife Stories"")",,Studios proposal from the 2026-09-28 library survey; 756 scenes (live-validated against production)
314,New Sensations,studio_spotlight,Studios,1058,5.057,,,,ANY,9320,JAV,,,,,,,ANY,76,New Sensations,,,,,,"NONE_TAGS(""JAV"") AND ANY_STUDIOS(""New Sensations"")",,Studios proposal from the 2026-09-28 library survey; 1058 scenes (live count; hierarchical studio criterion includes child studios)
315,Brazzers Exxtra,studio_spotlight,Studios,433,2.070,,,,ANY,9320,JAV,,,,,,,ANY,72,Brazzers Exxtra,,,,,,"NONE_TAGS(""JAV"") AND ANY_STUDIOS(""Brazzers Exxtra"")",,Studios proposal from the 2026-09-28 library survey; 433 scenes (live-validated against production)
316,RK Prime,studio_spotlight,Studios,381,1.821,,,,ANY,9320,JAV,,,,,,,ANY,241,RK Prime,,,,,,"NONE_TAGS(""JAV"") AND ANY_STUDIOS(""RK Prime"")",,Studios proposal from the 2026-09-28 library survey; 381 scenes (live-validated against production)
317,Evil Angel,studio_spotlight,Studios,332,1.587,,,,ANY,9320,JAV,,,,,,,ANY,7,Evil Angel,,,,,,"NONE_TAGS(""JAV"") AND ANY_STUDIOS(""Evil Angel"")",,Studios proposal from the 2026-09-28 library survey; 332 scenes (live count; hierarchical studio criterion includes child studios)
318,Big Naturals,studio_spotlight,Studios,171,0.817,,,,ANY,9320,JAV,,,,,,,ANY,491,Big Naturals,,,,,,"NONE_TAGS(""JAV"") AND ANY_STUDIOS(""Big Naturals"")",,Studios proposal from the 2026-09-28 library survey; 171 scenes (live-validated against production)
319,Sinful XXX,studio_spotlight,Studios,174,0.832,,,,ANY,9320,JAV,,,,,,,ANY,1060,Sinful XXX,,,,,,"NONE_TAGS(""JAV"") AND ANY_STUDIOS(""Sinful XXX"")",,Studios proposal from the 2026-09-28 library survey; 174 scenes (live-validated against production)
320,Dirty Wives Club,studio_spotlight,Studios,145,0.693,,,,ANY,9320,JAV,,,,,,,ANY,248,Dirty Wives Club,,,,,,"NONE_TAGS(""JAV"") AND ANY_STUDIOS(""Dirty Wives Club"")",,Studios proposal from the 2026-09-28 library survey; 145 scenes (live-validated against production)
321,MILFs Like it Big,studio_spotlight,Studios,138,0.660,,,,ANY,9320,JAV,,,,,,,ANY,257,MILFs Like it Big,,,,,,"NONE_TAGS(""JAV"") AND ANY_STUDIOS(""MILFs Like it Big"")",,Studios proposal from the 2026-09-28 library survey; 138 scenes (live-validated against production)
322,Interracial Pass,studio_spotlight,Studios,140,0.669,,,,ANY,9320,JAV,,,,,,,ANY,474,Interracial Pass,,,,,,"NONE_TAGS(""JAV"") AND ANY_STUDIOS(""Interracial Pass"")",,Studios proposal from the 2026-09-28 library survey; 140 scenes (live-validated against production)
323,Pornstars Punishment,studio_spotlight,Studios,139,0.664,,,,ANY,9320,JAV,,,,,,,ANY,701,Pornstars Punishment,,,,,,"NONE_TAGS(""JAV"") AND ANY_STUDIOS(""Pornstars Punishment"")",,Studios proposal from the 2026-09-28 library survey; 139 scenes (live-validated against production)
330,The Upper Floor,studio_spotlight,Studios,389,1.859,,,,ANY,9320,JAV,,,,,,,ANY,512,The Upper Floor,,,,,,"NONE_TAGS(""JAV"") AND ANY_STUDIOS(""The Upper Floor"")",,Studios proposal from the 2026-09-28 library survey; 389 scenes (live-validated against production)
331,Men In Pain,studio_spotlight,Studios,368,1.759,,,,ANY,9320,JAV,,,,,,,ANY,2282,Men In Pain,,,,,,"NONE_TAGS(""JAV"") AND ANY_STUDIOS(""Men In Pain"")",,Studios proposal from the 2026-09-28 library survey; 368 scenes (live-validated against production)
332,Sex and Submission,studio_spotlight,Studios,253,1.209,,,,ANY,9320,JAV,,,,,,,ANY,132,Sex and Submission,,,,,,"NONE_TAGS(""JAV"") AND ANY_STUDIOS(""Sex and Submission"")",,Studios proposal from the 2026-09-28 library survey; 253 scenes (live-validated against production)
333,Fucked And Bound,studio_spotlight,Studios,175,0.836,,,,ANY,9320,JAV,,,,,,,ANY,505,Fucked And Bound,,,,,,"NONE_TAGS(""JAV"") AND ANY_STUDIOS(""Fucked And Bound"")",,Studios proposal from the 2026-09-28 library survey; 175 scenes (live-validated against production)
334,Divine Bitches,studio_spotlight,Studios,149,0.712,,,,ANY,9320,JAV,,,,,,,ANY,1295,Divine Bitches,,,,,,"NONE_TAGS(""JAV"") AND ANY_STUDIOS(""Divine Bitches"")",,Studios proposal from the 2026-09-28 library survey; 149 scenes (live-validated against production)
335,Device Bondage,studio_spotlight,Studios,147,0.703,,,,ANY,9320,JAV,,,,,,,ANY,997,Device Bondage,,,,,,"NONE_TAGS(""JAV"") AND ANY_STUDIOS(""Device Bondage"")",,Studios proposal from the 2026-09-28 library survey; 147 scenes (live-validated against production)
336,The Training of O,studio_spotlight,Studios,143,0.684,,,,ANY,9320,JAV,,,,,,,ANY,511,The Training of O,,,,,,"NONE_TAGS(""JAV"") AND ANY_STUDIOS(""The Training of O"")",,Studios proposal from the 2026-09-28 library survey; 143 scenes (live-validated against production)
850,JAV: Madonna,jav_studio,JAV,221,1.056,,,,,,,,,,,,,ANY,819,Madonna,,,,,,"ANY_STUDIOS(""Madonna"")",Studio-code channel — every scene carries the label's DVD code,JAV proposal from the 2026-09-28 library survey; 221 scenes (live count; hierarchical studio criterion includes child studios)
851,JAV: Nagae Style,jav_studio,JAV,44,0.210,,,,,,,,,,,,,ANY,1599,Nagae Style,,,,,,"ANY_STUDIOS(""Nagae Style"")",Studio-code channel — every scene carries the label's DVD code,JAV proposal from the 2026-09-28 library survey; 44 scenes (live-validated against production)
852,JAV: Hunter,jav_studio,JAV,31,0.148,,,,,,,,,,,,,ANY,2733,Hunter,,,,,,"ANY_STUDIOS(""Hunter"")",Studio-code channel — every scene carries the label's DVD code,JAV proposal from the 2026-09-28 library survey; 31 scenes (live-validated against production)
853,JAV: JET Eizo,jav_studio,JAV,25,0.119,,,,,,,,,,,,,ANY,2755,JET Eizo,,,,,,"ANY_STUDIOS(""JET Eizo"")",Studio-code channel — every scene carries the label's DVD code,JAV proposal from the 2026-09-28 library survey; 25 scenes (live-validated against production)
854,JAV: Otona No Drama,jav_studio,JAV,23,0.110,,,,,,,,,,,,,ANY,536,Otona No Drama,,,,,,"ANY_STUDIOS(""Otona No Drama"")",Studio-code channel — every scene carries the label's DVD code,JAV proposal from the 2026-09-28 library survey; 23 scenes (live-validated against production)
855,JAV: Ure Comi,jav_studio,JAV,22,0.105,,,,,,,,,,,,,ANY,2783,Ure Comi,,,,,,"ANY_STUDIOS(""Ure Comi"")",Studio-code channel — every scene carries the label's DVD code,JAV proposal from the 2026-09-28 library survey; 22 scenes (live-validated against production)
856,JAV: long style,jav_studio,JAV,15,0.072,,,,,,,,,,,,,ANY,2767,long style,,,,,,"ANY_STUDIOS(""long style"")",Studio-code channel — every scene carries the label's DVD code,JAV proposal from the 2026-09-28 library survey; 15 scenes (live-validated against production)
857,JAV: Tameike Goro,jav_studio,JAV,15,0.072,,,,,,,,,,,,,ANY,540,Tameike Goro,,,,,,"ANY_STUDIOS(""Tameike Goro"")",Studio-code channel — every scene carries the label's DVD code,JAV proposal from the 2026-09-28 library survey; 15 scenes (live-validated against production)
858,JAV: SOD Create,jav_studio,JAV,11,0.053,,,,,,,,,,,,,ANY,543,SOD Create,,,,,,"ANY_STUDIOS(""SOD Create"")",Studio-code channel — every scene carries the label's DVD code,JAV proposal from the 2026-09-28 library survey; 11 scenes (live-validated against production)
859,JAV: BAZOOKA,jav_studio,JAV,10,0.048,,,,,,,,,,,,,ANY,2718,BAZOOKA,,,,,,"ANY_STUDIOS(""BAZOOKA"")",Studio-code channel — every scene carries the label's DVD code,JAV proposal from the 2026-09-28 library survey; 10 scenes (live-validated against production)
860,JAV: Shared Wives,jav_theme,JAV,204,0.975,ALL,9320|8030,JAV|THEME: Wife sharing,,,,,,,,,,,,,,,,,,"ALL_TAGS(""JAV"") AND ALL_TAGS(""THEME: Wife sharing"")",,JAV proposal from the 2026-09-28 library survey; 204 scenes (live-validated against production)
861,JAV: Affairs,jav_theme,JAV,162,0.774,ALL,9320|8020,JAV|THEME: Cheating,,,,,,,,,,,,,,,,,,"ALL_TAGS(""JAV"") AND ALL_TAGS(""THEME: Cheating"")",,JAV proposal from the 2026-09-28 library survey; 162 scenes (live-validated against production)
862,JAV: Married Woman,jav_theme,JAV,109,0.521,ALL,9320|9372,JAV|Married Woman,,,,,,,,,,,,,,,,,,"ALL_TAGS(""JAV"") AND ALL_TAGS(""Married Woman"")",Legacy tag well-curated on JAV imports (141 scenes),JAV proposal from the 2026-09-28 library survey; 109 scenes (live-validated against production)
863,JAV: Featured Actresses,jav_theme,JAV,99,0.473,ALL,9320|8977,JAV|Featured Actress,,,,,,,,,,,,,,,,,,"ALL_TAGS(""JAV"") AND ALL_TAGS(""Featured Actress"")",,JAV proposal from the 2026-09-28 library survey; 99 scenes (live-validated against production)
864,JAV: Big Tits,jav_theme,JAV,105,0.502,ALL,9320|8003,JAV|BODY: Big breasts,,,,,,,,,,,,,,,,,,"ALL_TAGS(""JAV"") AND ALL_TAGS(""BODY: Big breasts"")",,JAV proposal from the 2026-09-28 library survey; 105 scenes (live-validated against production)
865,JAV: Humiliation,jav_theme,JAV,91,0.435,ALL,9320|8068,JAV|KINK: Humiliation,,,,,,,,,,,,,,,,,,"ALL_TAGS(""JAV"") AND ALL_TAGS(""KINK: Humiliation"")",,JAV proposal from the 2026-09-28 library survey; 91 scenes (live-validated against production)
866,JAV: Mature Woman,jav_theme,JAV,50,0.239,ALL,9320|9384,JAV|Mature Woman,,,,,,,,,,,,,,,,,,"ALL_TAGS(""JAV"") AND ALL_TAGS(""Mature Woman"")",,JAV proposal from the 2026-09-28 library survey; 50 scenes (live-validated against production)
867,JAV: Drama,jav_theme,JAV,40,0.191,ALL,9320|9388,JAV|Drama,,,,,,,,,,,,,,,,,,"ALL_TAGS(""JAV"") AND ALL_TAGS(""Drama"")",,JAV proposal from the 2026-09-28 library survey; 40 scenes (live-validated against production)
868,JAV: Creampie,jav_theme,JAV,44,0.210,ALL,9320|8400,JAV|Creampie,,,,,,,,,,,,,,,,,,"ALL_TAGS(""JAV"") AND ALL_TAGS(""Creampie"")",,JAV proposal from the 2026-09-28 library survey; 44 scenes (live-validated against production)
869,JAV: Solo Idols,jav_theme,JAV,200,0.956,ALL,9320|7828,JAV|CAST: 1F,,,,,,,,,,,,,,,,,,"ALL_TAGS(""JAV"") AND ALL_TAGS(""CAST: 1F"")",,JAV proposal from the 2026-09-28 library survey; 200 scenes (live-validated against production)
870,JAV: Cuckold (Netorare),jav_theme,JAV,37,0.177,ALL,9320|8021,JAV|THEME: Cuckolding,,,,,,,,,,,,,,,,,,"ALL_TAGS(""JAV"") AND ALL_TAGS(""THEME: Cuckolding"")",,JAV proposal from the 2026-09-28 library survey; 37 scenes (live-validated against production)
872,JAV: Studio Deep Cuts,jav_theme,JAV,191,0.913,,,,,,,,,,,,,ANY,297|535|537|538|539|541|544|545|823|824|826|830|947|1378|1405|2393|2485|2623|2624|2705|2711|2712|2714|2715|2716|2717|2719|2720|2721|2722|2723|2724|2726|2727|2728|2729|2732|2744|2753|2754|2756|2757|2758|2759|2760|2761|2762|2763|2764|2765|2766|2768|2769|2770|2771|2772|2773|2774|2775|2776|2777|2778|2779|2780|2781|2784|2785|2786|2787|2788|2789,Banging Beauties|Attackers|In Mad|Befree|Idea Pocket|Ryubaku|Shark|Super Special|Honnaka|Manji Group|Premium|Rocket|Fitch|Das !|MOODYZ|Momotaro Eizo|Focus|Kawaii|LUNATICS|S1|Hibino|Janes|Milu|KSB Kikaku / Emmanuelle|Lez Re!|K.M.Produce|MEGAMI|MOODYZ ACID|MOODYZ GATI|Mankitsu|MOODYZ REAL|Misesu no Sugao/Emmanuelle|Hajime Kikaku|Keimoa/Mousouzoku|Crystal Eizo|M's Video Group|Pakopakodan To Yukaina Nakamatachi|Megami (venus)|Magic Mirror Van|Monroe|Global Media Annex|AVS collector's|Big Morkal|Celeb no Tomo|DAHLIA|Deep's|Faleno|An Amazingly Rare Amateur|Glory Quest|MAGNOLIA|JET Images|S1 Number One Style|VENUS|Takara Eizou|Takara Video|Aurora Project ANNEX|Gogos|Cosmos Eizo|Mr. Michiru|Red Face Girl|Max A|Juku No kura / Emmanuelle|KaguyahimePt/Mousouzoku|Dream Ticket|Black Dog/Delusional Tribe|Married Woman Flower Garden Theater|Mokkori TV|ABC / Mousouzoku|Yama to Sora|Cinema|Center Village,,,,,,"ANY_STUDIOS(""Banging Beauties"") AND ANY_STUDIOS(""Attackers"") AND ANY_STUDIOS(""In Mad"") AND ANY_STUDIOS(""Befree"") AND ANY_STUDIOS(""Idea Pocket"") AND ANY_STUDIOS(""Ryubaku"") AND ANY_STUDIOS(""Shark"") AND ANY_STUDIOS(""Super Special"") AND ANY_STUDIOS(""Honnaka"") AND ANY_STUDIOS(""Manji Group"") AND ANY_STUDIOS(""Premium"") AND ANY_STUDIOS(""Rocket"") AND ANY_STUDIOS(""Fitch"") AND ANY_STUDIOS(""Das !"") AND ANY_STUDIOS(""MOODYZ"") AND ANY_STUDIOS(""Momotaro Eizo"") AND ANY_STUDIOS(""Focus"") AND ANY_STUDIOS(""Kawaii"") AND ANY_STUDIOS(""LUNATICS"") AND ANY_STUDIOS(""S1"") AND ANY_STUDIOS(""Hibino"") AND ANY_STUDIOS(""Janes"") AND ANY_STUDIOS(""Milu"") AND ANY_STUDIOS(""KSB Kikaku / Emmanuelle"") AND ANY_STUDIOS(""Lez Re!"") AND ANY_STUDIOS(""K.M.Produce"") AND ANY_STUDIOS(""MEGAMI"") AND ANY_STUDIOS(""MOODYZ ACID"") AND ANY_STUDIOS(""MOODYZ GATI"") AND ANY_STUDIOS(""Mankitsu"") AND ANY_STUDIOS(""MOODYZ REAL"") AND ANY_STUDIOS(""Misesu no Sugao/Emmanuelle"") AND ANY_STUDIOS(""Hajime Kikaku"") AND ANY_STUDIOS(""Keimoa/Mousouzoku"") AND ANY_STUDIOS(""Crystal Eizo"") AND ANY_STUDIOS(""M's Video Group"") AND ANY_STUDIOS(""Pakopakodan To Yukaina Nakamatachi"") AND ANY_STUDIOS(""Megami (venus)"") AND ANY_STUDIOS(""Magic Mirror Van"") AND ANY_STUDIOS(""Monroe"") AND ANY_STUDIOS(""Global Media Annex"") AND ANY_STUDIOS(""AVS collector's"") AND ANY_STUDIOS(""Big Morkal"") AND ANY_STUDIOS(""Celeb no Tomo"") AND ANY_STUDIOS(""DAHLIA"") AND ANY_STUDIOS(""Deep's"") AND ANY_STUDIOS(""Faleno"") AND ANY_STUDIOS(""An Amazingly Rare Amateur"") AND ANY_STUDIOS(""Glory Quest"") AND ANY_STUDIOS(""MAGNOLIA"") AND ANY_STUDIOS(""JET Images"") AND ANY_STUDIOS(""S1 Number One Style"") AND ANY_STUDIOS(""VENUS"") AND ANY_STUDIOS(""Takara Eizou"") AND ANY_STUDIOS(""Takara Video"") AND ANY_STUDIOS(""Aurora Project ANNEX"") AND ANY_STUDIOS(""Gogos"") AND ANY_STUDIOS(""Cosmos Eizo"") AND ANY_STUDIOS(""Mr. Michiru"") AND ANY_STUDIOS(""Red Face Girl"") AND ANY_STUDIOS(""Max A"") AND ANY_STUDIOS(""Juku No kura / Emmanuelle"") AND ANY_STUDIOS(""KaguyahimePt/Mousouzoku"") AND ANY_STUDIOS(""Dream Ticket"") AND ANY_STUDIOS(""Black Dog/Delusional Tribe"") AND ANY_STUDIOS(""Married Woman Flower Garden Theater"") AND ANY_STUDIOS(""Mokkori TV"") AND ANY_STUDIOS(""ABC / Mousouzoku"") AND ANY_STUDIOS(""Yama to Sora"") AND ANY_STUDIOS(""Cinema"") AND ANY_STUDIOS(""Center Village"")","71 pure-JAV studios with <10 scenes each, pooled",JAV proposal from the 2026-09-28 library survey; 191 scenes (live count; hierarchical studio criterion includes child studios); NOTE: thin pool — rotation will repeat
